{
  "common": {
    "name": "Eduardo Richard",
    "jobTitle": "Software Engineer",
    "location": "Maringá, PR - Brazil",
    "timezone": "America/Sao_Paulo"
  },
  "nav": {
    "myStory": "My Story",
    "howIWork": "How I Work",
    "expertise": "Expertise",
    "posts": "Posts",
    "letsTalk": "Let's Talk",
    "home": "Home"
  },
  "status": {
    "online": {
      "label": "Online",
      "headline": "AVAILABLE",
      "message": "I'm currently active at my desk. It's a great time to reach out for a quick response.",
      "responseTime": "Fast"
    },
    "holidays": {
      "label": "On Leave",
      "headline": "ON VACATION",
      "message": "I'm currently away taking some time off. I'll get back to you as soon as I return.",
      "responseTime": "Slow"
    },
    "offline": {
      "label": "Offline",
      "headline": "AWAY",
      "message": "I'm currently not at my computer. Feel free to leave a message, I'll reply when I'm back.",
      "responseTime": "Later"
    },
    "live": "Live",
    "statusMonitor": "Status Monitor",
    "locationLabel": "Location",
    "localTime": "Local Time",
    "response": "Response",
    "connection": "Connection",
    "stable": "Stable",
    "howItWorks": "How it works",
    "howItWorksDescription": "This status indicator is synced in real-time with my computer's activity. It lets you know if I'm currently at my desk and available to chat, or if I'm away and might take a bit longer to respond.",
    "verifiedPresence": "Verified Presence",
    "liveSync": "Live Sync"
  },
  "hero": {
    "headline1": "Crafting efficient,",
    "headline2": "scalable solutions",
    "headline3": "in",
    "headline4": "software & web.",
    "description": "I'm Eduardo Richard — full-stack engineer, code artisan, digital problem solver. Turning complex problems into elegant, user-centric digital experiences.",
    "startProject": "Start a Project",
    "howIWork": "How I Work",
    "stats": {
      "yearsExperience": {
        "description": "Years Experience",
        "value": "4"
      },
      "projectsCompleted": {
        "description": "Projects Completed",
        "value": "15"
      },
      "clientSatisfaction": {
        "description": "Client Satisfaction",
        "value": "100%"
      }
    }
  },
  "about": {
    "title1": "Every great",
    "developer": "developer",
    "title2": "begins with an even better",
    "story": "story.",
    "paragraph1": "Embarking on the rollercoaster ride of my freelance software development odyssey about 15 years ago, I've been the virtuoso of remote work for esteemed agencies, the go-to consultant for ambitious startups, and the maestro of collaboration.",
    "paragraph2": "Beneath my seemingly calm exterior lies a quiet confidence, stirred with a natural curiosity that propels me into perpetual learning endeavors.",
    "paragraph3": "Think of me as a silent wizard, weaving code spells and conjuring up solutions, all while perfecting my craft in the ever-ticking clock of time. And yes, I may just be the humble architect of your next digital masterpiece!",
    "experiences": {
      "present": "Present",
      "previous": "Previous",
      "earlyDays": "Early Days",
      "education": "Education",
      "fullstackDev": "Fullstack Software Developer",
      "freelance": "Freelance",
      "freelanceDesc": "Orchestrating digital symphonies for agencies and startups worldwide.",
      "softwareEngineer": "Software Engineer",
      "domotz": "Domotz",
      "domotzDesc": "Building scalable network monitoring solutions.",
      "androidWebDev": "Android & Web Developer",
      "meedori": "Meedori Agency",
      "meedoriDesc": "Crafting mobile and web experiences.",
      "growingStartups": "Growing Startups",
      "timWcap": "TIM WCAP",
      "timWcapDesc": "Accelerating innovation in the tech ecosystem.",
      "universityStudies": "University Studies",
      "catania": "Catania, Sicily",
      "cataniaDesc": "Laying the foundation for a career in technology."
    }
  },
  "process": {
    "title1": "Your vision. My code.",
    "title2": "Real results.",
    "subtitle": "A streamlined process designed to take your project from concept to reality efficiently.",
    "steps": {
      "contact": {
        "title": "Contact",
        "description": "We discuss your idea, requirements, and goals to understand the vision."
      },
      "plan": {
        "title": "Plan",
        "description": "I create a detailed roadmap and technical architecture for your project."
      },
      "develop": {
        "title": "Develop",
        "description": "Writing clean, efficient code with regular updates and feedback loops."
      },
      "deploy": {
        "title": "Deploy",
        "description": "Launching your product to the world with proper testing and optimization."
      }
    }
  },
  "skills": {
    "frontend": {
      "title": "FRONTEND",
      "subtitle": "Digital Experience",
      "description": "Crafting immersive digital journeys that captivate and convert. From high-performance landing pages to complex web applications, I build pixel-perfect interfaces that users love.",
      "details": [
        "React / React Native",
        "Next.js / Remix",
        "Angular / Vue",
        "WordPress / Elementor"
      ]
    },
    "backend": {
      "title": "BACKEND",
      "subtitle": "System Architecture",
      "description": "Designing robust, scalable server-side solutions that power your business logic. Secure APIs, efficient databases, and microservices architecture built for high availability.",
      "details": [
        "Node.js / TypeScript",
        "Python / Go",
        "PHP / Laravel",
        "System Design"
      ]
    },
    "web3": {
      "title": "WEB3",
      "subtitle": "Decentralized Future",
      "description": "Pioneering the next generation of the internet. Smart contract development, DApp integration, and blockchain solutions that bring transparency and trust to your applications.",
      "details": [
        "Blockchain / Crypto",
        "Smart Contracts",
        "DeFi Protocols",
        "DApps Architecture"
      ]
    },
    "ai": {
      "title": "AI",
      "subtitle": "Intelligent Solutions",
      "description": "Integrating cutting-edge artificial intelligence to automate processes and create smarter applications. Leveraging LLMs and predictive models to unlock new possibilities.",
      "details": [
        "LLM Integration",
        "OpenAI / Anthropic",
        "AI Agents",
        "Predictive Models"
      ]
    },
    "devops": {
      "title": "DEVOPS",
      "subtitle": "Cloud Infrastructure",
      "description": "Automating the bridge between code and deployment. CI/CD pipelines, container orchestration, and cloud infrastructure management ensuring your software runs smoothly everywhere.",
      "details": [
        "Docker / Kubernetes",
        "CI / CD Pipelines",
        "Agile Methodology",
        "Robot Framework"
      ]
    },
    "startProject": "Start Project"
  },
  "ready": {
    "code": "CODE.",
    "create": "CREATE.",
    "conquer": "CONQUER.",
    "subtitle": "Three words. Infinite possibilities. Every line of code is a step toward something extraordinary."
  },
  "contact": {
    "title1": "Let's build something",
    "title2": "amazing together.",
    "subtitle": "Ready to transform your digital presence? I'm currently available for new projects and collaborations.",
    "availableFreelance": "Available for freelance work",
    "responseTime": "Response time: < 24 hours",
    "form": {
      "name": "Name",
      "namePlaceholder": "John Doe",
      "nameRequired": "Name is required",
      "email": "Email",
      "emailPlaceholder": "john@example.com",
      "emailRequired": "Email is required",
      "emailInvalid": "Invalid email address",
      "message": "Message",
      "messagePlaceholder": "Tell me about your project...",
      "messageRequired": "Message is required",
      "privacyAgree": "I agree to the",
      "privacyPolicy": "Privacy Policy",
      "privacyConsent": "and consent to the processing of my data.",
      "privacyRequired": "You must agree to the privacy policy",
      "captchaRequired": "Please complete the captcha",
      "sending": "Sending...",
      "sendMessage": "Send Message"
    },
    "success": {
      "title": "Message Sent!",
      "message": "I'll get back to you as soon as possible.",
      "sendAnother": "Send another message"
    },
    "error": "Something went wrong. Please try again."
  },
  "footer": {
    "tagline": "Crafting efficient, scalable, and elegant solutions in software & web. Based in Lucca, IT.",
    "explore": "Explore",
    "connect": "Connect",
    "privacyPolicy": "Privacy Policy",
    "copyright": "Eduardo Richard. All Rights Reserved.",
    "openSource": "Open Source",
    "promptEngineered": "Prompt Engineered",
    "openSourceModal": {
      "title": "Open Source",
      "subtitle": "Built with amazing open source technologies",
      "projectTitle": "Open Source Project",
      "projectDescription": "This website is open source and available on my GitHub. Feel free to explore, contribute, or fork it!",
      "viewRepos": "View My Repositories",
      "vercelTitle": "Deployed on Vercel",
      "vercelDescription": "This website is hosted on Vercel's edge network for optimal performance",
      "visitVercel": "Visit Vercel",
      "madeWith": "Made with ❤️ using open source technologies"
    },
    "promptModal": {
      "title": "Prompt Engineered",
      "subtitle": "Built with AI, guided by human vision",
      "howTitle": "How This Site Was Built",
      "paragraph1": "Here's the thing - this entire website was created 100% by AI, but don't worry, I was watching closely the whole time! Think of me as the director and the AI as the talented crew bringing the vision to life.",
      "paragraph2": "Every line of code, every design decision, and every animation you see here was crafted through careful prompt engineering. I guided the process, refined the outputs, and made sure everything aligned with my vision - but the heavy lifting? That was all AI.",
      "paragraph3": "This whole project was built using",
      "vibeCoding": "vibe coding",
      "paragraph3b": "- that flow state where you just go with the feeling, iterate on the fly, and let the creative process guide you. No rigid planning, just pure experimentation and refinement until it feels right.",
      "paragraph4": "It's pretty wild what's possible when you combine human creativity with AI capabilities. This site is a testament to that collaboration - showing that with the right prompts, a clear vision, and a good vibe, you can build something truly special.",
      "aiGenerated": "100% AI-generated",
      "humanGuided": "100% human-guided"
    }
  },
  "libraries": {
    "nextjs": {
      "name": "Next.js",
      "description": "React framework for production",
      "category": "Framework"
    },
    "react": {
      "name": "React",
      "description": "JavaScript library for building user interfaces",
      "category": "Library"
    },
    "gsap": {
      "name": "GSAP",
      "description": "Professional-grade animation library",
      "category": "Animation"
    },
    "tailwind": {
      "name": "Tailwind CSS",
      "description": "Utility-first CSS framework",
      "category": "Styling"
    },
    "typescript": {
      "name": "TypeScript",
      "description": "Typed JavaScript at any scale",
      "category": "Language"
    },
    "axios": {
      "name": "Axios",
      "description": "Promise-based HTTP client",
      "category": "HTTP"
    },
    "reactHookForm": {
      "name": "React Hook Form",
      "description": "Performant forms with easy validation",
      "category": "Forms"
    },
    "lucide": {
      "name": "Lucide React",
      "description": "Beautiful & consistent icon toolkit",
      "category": "Icons"
    },
    "lenis": {
      "name": "Lenis",
      "description": "Smooth scroll library",
      "category": "Scroll"
    },
    "turnstile": {
      "name": "React Turnstile",
      "description": "Cloudflare Turnstile for React",
      "category": "Security"
    }
  }
}