{
  "common": {
    "name": "Eduardo Richard",
    "jobTitle": "Engenheiro de Software",
    "location": "Maringá, PR - Brasil",
    "timezone": "America/Sao_Paulo"
  },
  "nav": {
    "myStory": "Minha História",
    "howIWork": "Como Trabalho",
    "expertise": "Expertise",
    "posts": "Posts",
    "letsTalk": "Vamos Conversar",
    "home": "Início"
  },
  "status": {
    "online": {
      "label": "Online",
      "headline": "DISPONÍVEL",
      "message": "Estou atualmente ativo na minha mesa. É um ótimo momento para entrar em contato para uma resposta rápida.",
      "responseTime": "Rápido"
    },
    "holidays": {
      "label": "De Férias",
      "headline": "EM FÉRIAS",
      "message": "Estou atualmente ausente tirando um tempo de folga. Retornarei assim que voltar.",
      "responseTime": "Lento"
    },
    "offline": {
      "label": "Offline",
      "headline": "AUSENTE",
      "message": "Não estou no computador no momento. Fique à vontade para deixar uma mensagem, responderei quando voltar.",
      "responseTime": "Depois"
    },
    "live": "Ao Vivo",
    "statusMonitor": "Monitor de Status",
    "locationLabel": "Localização",
    "localTime": "Hora Local",
    "response": "Resposta",
    "connection": "Conexão",
    "stable": "Estável",
    "howItWorks": "Como funciona",
    "howItWorksDescription": "Este indicador de status é sincronizado em tempo real com a atividade do meu computador. Ele permite que você saiba se estou disponível para conversar ou se estou ausente e posso demorar um pouco mais para responder.",
    "verifiedPresence": "Presença Verificada",
    "liveSync": "Sinc. ao Vivo"
  },
  "hero": {
    "headline1": "Criando soluções",
    "headline2": "eficientes e escaláveis",
    "headline3": "em",
    "headline4": "software & web.",
    "description": "Sou Eduardo Richard — engenheiro full-stack, artesão de código, solucionador de problemas digitais. Transformando problemas complexos em experiências digitais elegantes e centradas no usuário.",
    "startProject": "Iniciar Projeto",
    "howIWork": "Como Trabalho",
    "stats": {
      "yearsExperience": {
        "description": "Anos de Experiência",
        "value": "4"
      },
      "projectsCompleted": {
        "description": "Projetos Concluídos",
        "value": "15"
      },
      "clientSatisfaction": {
        "description": "Satisfação do Cliente",
        "value": "100%"
      }
    }
  },
  "about": {
    "title1": "Todo grande",
    "developer": "desenvolvedor",
    "title2": "começa com uma história ainda melhor",
    "story": "história.",
    "paragraph1": "Embarcando na montanha-russa da minha odisseia como desenvolvedor de software freelancer há cerca de 15 anos, tenho sido o virtuoso do trabalho remoto para agências renomadas, o consultor preferido de startups ambiciosas e o maestro da colaboração.",
    "paragraph2": "Sob meu exterior aparentemente calmo, há uma confiança silenciosa, agitada por uma curiosidade natural que me impulsiona a aprender continuamente.",
    "paragraph3": "Pense em mim como um mago silencioso, tecendo feitiços de código e conjurando soluções, tudo enquanto aperfeiçoo meu ofício no sempre tique-taque do tempo. E sim, eu posso ser o humilde arquiteto da sua próxima obra-prima digital!",
    "experiences": {
      "present": "Atual",
      "previous": "Anterior",
      "earlyDays": "Início",
      "education": "Educação",
      "fullstackDev": "Desenvolvedor Fullstack",
      "freelance": "Freelance",
      "freelanceDesc": "Orquestrando sinfonias digitais para agências e startups ao redor do mundo.",
      "softwareEngineer": "Engenheiro de Software",
      "domotz": "Domotz",
      "domotzDesc": "Construindo soluções escaláveis de monitoramento de rede.",
      "androidWebDev": "Desenvolvedor Android & Web",
      "meedori": "Meedori Agency",
      "meedoriDesc": "Criando experiências mobile e web.",
      "growingStartups": "Crescendo Startups",
      "timWcap": "TIM WCAP",
      "timWcapDesc": "Acelerando inovação no ecossistema de tecnologia.",
      "universityStudies": "Estudos Universitários",
      "catania": "Catânia, Sicília",
      "cataniaDesc": "Construindo a base para uma carreira em tecnologia."
    }
  },
  "process": {
    "title1": "Sua visão. Meu código.",
    "title2": "Resultados reais.",
    "subtitle": "Um processo simplificado projetado para levar seu projeto do conceito à realidade de forma eficiente.",
    "steps": {
      "contact": {
        "title": "Contato",
        "description": "Discutimos sua ideia, requisitos e objetivos para entender a visão."
      },
      "plan": {
        "title": "Planejar",
        "description": "Crio um roteiro detalhado e arquitetura técnica para seu projeto."
      },
      "develop": {
        "title": "Desenvolver",
        "description": "Escrevendo código limpo e eficiente com atualizações regulares e loops de feedback."
      },
      "deploy": {
        "title": "Implantar",
        "description": "Lançando seu produto para o mundo com testes adequados e otimização."
      }
    }
  },
  "skills": {
    "frontend": {
      "title": "FRONTEND",
      "subtitle": "Experiência Digital",
      "description": "Criando jornadas digitais imersivas que cativam e convertem. De landing pages de alto desempenho a aplicações web complexas, construo interfaces pixel-perfect que os usuários adoram.",
      "details": [
        "React / React Native",
        "Next.js / Remix",
        "Angular / Vue",
        "WordPress / Elementor"
      ]
    },
    "backend": {
      "title": "BACKEND",
      "subtitle": "Arquitetura de Sistemas",
      "description": "Projetando soluções robustas e escaláveis do lado do servidor que alimentam a lógica do seu negócio. APIs seguras, bancos de dados eficientes e arquitetura de microsserviços construída para alta disponibilidade.",
      "details": [
        "Node.js / TypeScript",
        "Python / Go",
        "PHP / Laravel",
        "Design de Sistemas"
      ]
    },
    "web3": {
      "title": "WEB3",
      "subtitle": "Futuro Descentralizado",
      "description": "Pioneirando a próxima geração da internet. Desenvolvimento de contratos inteligentes, integração de DApps e soluções blockchain que trazem transparência e confiança às suas aplicações.",
      "details": [
        "Blockchain / Crypto",
        "Contratos Inteligentes",
        "Protocolos DeFi",
        "Arquitetura DApps"
      ]
    },
    "ai": {
      "title": "IA",
      "subtitle": "Soluções Inteligentes",
      "description": "Integrando inteligência artificial de ponta para automatizar processos e criar aplicações mais inteligentes. Aproveitando LLMs e modelos preditivos para desbloquear novas possibilidades.",
      "details": [
        "Integração LLM",
        "OpenAI / Anthropic",
        "Agentes IA",
        "Modelos Preditivos"
      ]
    },
    "devops": {
      "title": "DEVOPS",
      "subtitle": "Infraestrutura Cloud",
      "description": "Automatizando a ponte entre código e deploy. Pipelines CI/CD, orquestração de containers e gerenciamento de infraestrutura cloud garantindo que seu software rode suavemente em qualquer lugar.",
      "details": [
        "Docker / Kubernetes",
        "Pipelines CI / CD",
        "Metodologia Ágil",
        "Robot Framework"
      ]
    },
    "startProject": "Iniciar Projeto"
  },
  "ready": {
    "code": "CÓDIGO.",
    "create": "CRIAR.",
    "conquer": "CONQUISTAR.",
    "subtitle": "Três palavras. Possibilidades infinitas. Cada linha de código é um passo em direção a algo extraordinário."
  },
  "contact": {
    "title1": "Vamos construir algo",
    "title2": "incrível juntos.",
    "subtitle": "Pronto para transformar sua presença digital? Estou atualmente disponível para novos projetos e colaborações.",
    "availableFreelance": "Disponível para trabalho freelance",
    "responseTime": "Tempo de resposta: < 24 horas",
    "form": {
      "name": "Nome",
      "namePlaceholder": "João Silva",
      "nameRequired": "Nome é obrigatório",
      "email": "Email",
      "emailPlaceholder": "joao@exemplo.com",
      "emailRequired": "Email é obrigatório",
      "emailInvalid": "Endereço de email inválido",
      "message": "Mensagem",
      "messagePlaceholder": "Conte-me sobre seu projeto...",
      "messageRequired": "Mensagem é obrigatória",
      "privacyAgree": "Eu concordo com a",
      "privacyPolicy": "Política de Privacidade",
      "privacyConsent": "e consinto com o processamento dos meus dados.",
      "privacyRequired": "Você deve concordar com a política de privacidade",
      "captchaRequired": "Por favor, complete o captcha",
      "sending": "Enviando...",
      "sendMessage": "Enviar Mensagem"
    },
    "success": {
      "title": "Mensagem Enviada!",
      "message": "Retornarei o mais breve possível.",
      "sendAnother": "Enviar outra mensagem"
    },
    "error": "Algo deu errado. Por favor, tente novamente."
  },
  "footer": {
    "tagline": "Criando soluções eficientes, escaláveis e elegantes em software & web. Baseado em Lucca, IT.",
    "explore": "Explorar",
    "connect": "Conectar",
    "privacyPolicy": "Política de Privacidade",
    "copyright": "Eduardo Richard. Todos os Direitos Reservados.",
    "openSource": "Open Source",
    "promptEngineered": "Prompt Engineered",
    "openSourceModal": {
      "title": "Open Source",
      "subtitle": "Construído com incríveis tecnologias open source",
      "projectTitle": "Projeto Open Source",
      "projectDescription": "Este site é open source e está disponível no meu GitHub. Sinta-se à vontade para explorar, contribuir ou fazer um fork!",
      "viewRepos": "Ver Meus Repositórios",
      "vercelTitle": "Hospedado na Vercel",
      "vercelDescription": "Este site está hospedado na rede edge da Vercel para desempenho ideal",
      "visitVercel": "Visitar Vercel",
      "madeWith": "Feito com ❤️ usando tecnologias open source"
    },
    "promptModal": {
      "title": "Prompt Engineered",
      "subtitle": "Construído com IA, guiado por visão humana",
      "howTitle": "Como Este Site Foi Construído",
      "paragraph1": "A questão é - este site inteiro foi criado 100% por IA, mas não se preocupe, eu estava observando de perto o tempo todo! Pense em mim como o diretor e a IA como a equipe talentosa dando vida à visão.",
      "paragraph2": "Cada linha de código, cada decisão de design e cada animação que você vê aqui foi elaborada através de engenharia de prompts cuidadosa. Eu guiei o processo, refinei os resultados e garanti que tudo estivesse alinhado com minha visão - mas o trabalho pesado? Isso foi tudo IA.",
      "paragraph3": "Todo este projeto foi construído usando",
      "vibeCoding": "vibe coding",
      "paragraph3b": "- aquele estado de flow onde você simplesmente segue o sentimento, itera em tempo real e deixa o processo criativo te guiar. Sem planejamento rígido, apenas pura experimentação e refinamento até ficar certo.",
      "paragraph4": "É bem louco o que é possível quando você combina criatividade humana com capacidades de IA. Este site é um testemunho dessa colaboração - mostrando que com os prompts certos, uma visão clara e uma boa vibe, você pode construir algo verdadeiramente especial.",
      "aiGenerated": "100% gerado por IA",
      "humanGuided": "100% guiado por humano"
    }
  },
  "libraries": {
    "nextjs": {
      "name": "Next.js",
      "description": "Framework React para produção",
      "category": "Framework"
    },
    "react": {
      "name": "React",
      "description": "Biblioteca JavaScript para construir interfaces",
      "category": "Biblioteca"
    },
    "gsap": {
      "name": "GSAP",
      "description": "Biblioteca de animação profissional",
      "category": "Animação"
    },
    "tailwind": {
      "name": "Tailwind CSS",
      "description": "Framework CSS utilitário",
      "category": "Estilo"
    },
    "typescript": {
      "name": "TypeScript",
      "description": "JavaScript tipado em qualquer escala",
      "category": "Linguagem"
    },
    "axios": {
      "name": "Axios",
      "description": "Cliente HTTP baseado em Promises",
      "category": "HTTP"
    },
    "reactHookForm": {
      "name": "React Hook Form",
      "description": "Formulários performáticos com validação fácil",
      "category": "Formulários"
    },
    "lucide": {
      "name": "Lucide React",
      "description": "Kit de ícones bonito e consistente",
      "category": "Ícones"
    },
    "lenis": {
      "name": "Lenis",
      "description": "Biblioteca de scroll suave",
      "category": "Scroll"
    },
    "turnstile": {
      "name": "React Turnstile",
      "description": "Cloudflare Turnstile para React",
      "category": "Segurança"
    }
  }
}